,id,preds
0,test_0000.jpg,0
1,test_0001.jpg,3
2,test_0002.jpg,3
3,test_0003.jpg,3
4,test_0004.jpg,3
5,test_0005.jpg,0
6,test_0006.jpg,0
7,test_0007.jpg,2
8,test_0008.jpg,2
9,test_0009.jpg,2
10,test_0010.jpg,3
11,test_0011.jpg,3
12,test_0012.jpg,3
13,test_0013.jpg,0
14,test_0014.jpg,3
15,test_0015.jpg,0
16,test_0016.jpg,3
17,test_0017.jpg,3
18,test_0018.jpg,2
19,test_0019.jpg,3
20,test_0020.jpg,3
21,test_0021.jpg,3
22,test_0022.jpg,3
23,test_0023.jpg,2
24,test_0024.jpg,0
25,test_0025.jpg,2
26,test_0026.jpg,3
27,test_0027.jpg,0
28,test_0028.jpg,2
29,test_0029.jpg,0
30,test_0030.jpg,3
31,test_0031.jpg,2
32,test_0032.jpg,0
33,test_0033.jpg,3
34,test_0034.jpg,0
35,test_0035.jpg,0
36,test_0036.jpg,2
37,test_0037.jpg,1
38,test_0038.jpg,3
39,test_0039.jpg,2
40,test_0040.jpg,2
41,test_0041.jpg,3
42,test_0042.jpg,0
43,test_0043.jpg,3
44,test_0044.jpg,2
45,test_0045.jpg,1
46,test_0046.jpg,2
47,test_0047.jpg,0
48,test_0048.jpg,0
49,test_0049.jpg,3
50,test_0050.jpg,0
51,test_0051.jpg,3
52,test_0052.jpg,3
53,test_0053.jpg,2
54,test_0054.jpg,0
55,test_0055.jpg,3
56,test_0056.jpg,0
57,test_0057.jpg,3
58,test_0058.jpg,3
59,test_0059.jpg,2
60,test_0060.jpg,1
61,test_0061.jpg,2
62,test_0062.jpg,3
63,test_0063.jpg,0
64,test_0064.jpg,1
65,test_0065.jpg,3
66,test_0066.jpg,2
67,test_0067.jpg,0
68,test_0068.jpg,0
69,test_0069.jpg,1
70,test_0070.jpg,3
71,test_0071.jpg,3
72,test_0072.jpg,3
73,test_0073.jpg,0
74,test_0074.jpg,0
75,test_0075.jpg,0
76,test_0076.jpg,0
77,test_0077.jpg,3
78,test_0078.jpg,3
79,test_0079.jpg,3
80,test_0080.jpg,3
81,test_0081.jpg,3
82,test_0082.jpg,0
83,test_0083.jpg,0
84,test_0084.jpg,0
85,test_0085.jpg,2
86,test_0086.jpg,3
87,test_0087.jpg,2
88,test_0088.jpg,2
89,test_0089.jpg,3
90,test_0090.jpg,3
91,test_0091.jpg,3
92,test_0092.jpg,3
93,test_0093.jpg,0
94,test_0094.jpg,2
95,test_0095.jpg,0
96,test_0096.jpg,2
97,test_0097.jpg,0
98,test_0098.jpg,0
99,test_0099.jpg,3
100,test_0100.jpg,0
101,test_0101.jpg,3
102,test_0102.jpg,3
103,test_0103.jpg,2
104,test_0104.jpg,0
105,test_0105.jpg,2
106,test_0106.jpg,2
107,test_0107.jpg,3
108,test_0108.jpg,1
109,test_0109.jpg,0
110,test_0110.jpg,2
111,test_0111.jpg,3
112,test_0112.jpg,2
113,test_0113.jpg,2
114,test_0114.jpg,3
115,test_0115.jpg,3
116,test_0116.jpg,3
117,test_0117.jpg,0
118,test_0118.jpg,1
119,test_0119.jpg,0
120,test_0120.jpg,2
121,test_0121.jpg,3
122,test_0122.jpg,3
123,test_0123.jpg,3
124,test_0124.jpg,3
125,test_0125.jpg,2
126,test_0126.jpg,3
127,test_0127.jpg,3
128,test_0128.jpg,3
129,test_0129.jpg,2
130,test_0130.jpg,3
131,test_0131.jpg,0
132,test_0132.jpg,2
133,test_0133.jpg,3
134,test_0134.jpg,1
135,test_0135.jpg,3
136,test_0136.jpg,3
137,test_0137.jpg,3
138,test_0138.jpg,3
139,test_0139.jpg,3
140,test_0140.jpg,1
141,test_0141.jpg,2
142,test_0142.jpg,0
143,test_0143.jpg,3
144,test_0144.jpg,3
145,test_0145.jpg,3
146,test_0146.jpg,1
147,test_0147.jpg,2
148,test_0148.jpg,3
149,test_0149.jpg,2
150,test_0150.jpg,1
151,test_0151.jpg,3
152,test_0152.jpg,3
153,test_0153.jpg,2
154,test_0154.jpg,2
155,test_0155.jpg,1
156,test_0156.jpg,0
157,test_0157.jpg,3
158,test_0158.jpg,1
159,test_0159.jpg,0
160,test_0160.jpg,2
161,test_0161.jpg,0
162,test_0162.jpg,3
163,test_0163.jpg,0
164,test_0164.jpg,3
165,test_0165.jpg,0
166,test_0166.jpg,0
167,test_0167.jpg,3
168,test_0168.jpg,3
169,test_0169.jpg,1
170,test_0170.jpg,3
171,test_0171.jpg,0
172,test_0172.jpg,3
173,test_0173.jpg,0
174,test_0174.jpg,1
175,test_0175.jpg,3
176,test_0176.jpg,1
177,test_0177.jpg,0
178,test_0178.jpg,2
179,test_0179.jpg,3
180,test_0180.jpg,2
181,test_0181.jpg,3
182,test_0182.jpg,3
183,test_0183.jpg,3
184,test_0184.jpg,3
185,test_0185.jpg,3
186,test_0186.jpg,0
187,test_0187.jpg,3
188,test_0188.jpg,2
189,test_0189.jpg,2
190,test_0190.jpg,3
191,test_0191.jpg,0
192,test_0192.jpg,2
193,test_0193.jpg,2
194,test_0194.jpg,3
195,test_0195.jpg,3
196,test_0196.jpg,2
197,test_0197.jpg,2
198,test_0198.jpg,1
199,test_0199.jpg,3
200,test_0200.jpg,3
201,test_0201.jpg,3
202,test_0202.jpg,1
203,test_0203.jpg,3
204,test_0204.jpg,3
205,test_0205.jpg,1
206,test_0206.jpg,2
207,test_0207.jpg,1
208,test_0208.jpg,3
209,test_0209.jpg,3
210,test_0210.jpg,3
211,test_0211.jpg,1
212,test_0212.jpg,3
213,test_0213.jpg,3
214,test_0214.jpg,3
215,test_0215.jpg,0
216,test_0216.jpg,2
217,test_0217.jpg,3
218,test_0218.jpg,2
219,test_0219.jpg,3
220,test_0220.jpg,3
221,test_0221.jpg,2
222,test_0222.jpg,0
223,test_0223.jpg,0
224,test_0224.jpg,3
225,test_0225.jpg,3
226,test_0226.jpg,1
227,test_0227.jpg,2
228,test_0228.jpg,3
229,test_0229.jpg,3
230,test_0230.jpg,2
231,test_0231.jpg,1
232,test_0232.jpg,3
233,test_0233.jpg,3
234,test_0234.jpg,1
235,test_0235.jpg,3
236,test_0236.jpg,0
237,test_0237.jpg,1
238,test_0238.jpg,2
239,test_0239.jpg,2
240,test_0240.jpg,3
241,test_0241.jpg,2
242,test_0242.jpg,0
243,test_0243.jpg,2
244,test_0244.jpg,3
245,test_0245.jpg,2
246,test_0246.jpg,3
247,test_0247.jpg,0
248,test_0248.jpg,3
249,test_0249.jpg,2
250,test_0250.jpg,2
251,test_0251.jpg,2
252,test_0252.jpg,3
253,test_0253.jpg,2
254,test_0254.jpg,3
255,test_0255.jpg,2
256,test_0256.jpg,2
257,test_0257.jpg,0
258,test_0258.jpg,3
259,test_0259.jpg,3
260,test_0260.jpg,1
261,test_0261.jpg,3
262,test_0262.jpg,3
263,test_0263.jpg,1
264,test_0264.jpg,3
265,test_0265.jpg,3
266,test_0266.jpg,3
267,test_0267.jpg,3
268,test_0268.jpg,2
269,test_0269.jpg,2
270,test_0270.jpg,2
271,test_0271.jpg,0
272,test_0272.jpg,0
273,test_0273.jpg,3
274,test_0274.jpg,3
275,test_0275.jpg,1
276,test_0276.jpg,3
277,test_0277.jpg,2
278,test_0278.jpg,3
279,test_0279.jpg,3
280,test_0280.jpg,3
281,test_0281.jpg,2
282,test_0282.jpg,2
283,test_0283.jpg,2
284,test_0284.jpg,1
285,test_0285.jpg,3
286,test_0286.jpg,0
287,test_0287.jpg,2
288,test_0288.jpg,3
289,test_0289.jpg,3
290,test_0290.jpg,2
291,test_0291.jpg,3
292,test_0292.jpg,1
293,test_0293.jpg,3
294,test_0294.jpg,3
295,test_0295.jpg,3
296,test_0296.jpg,0
297,test_0297.jpg,3
298,test_0298.jpg,3
299,test_0299.jpg,1
300,test_0300.jpg,3
301,test_0301.jpg,3
302,test_0302.jpg,3
303,test_0303.jpg,3
304,test_0304.jpg,0
305,test_0305.jpg,1
306,test_0306.jpg,0
307,test_0307.jpg,3
308,test_0308.jpg,2
309,test_0309.jpg,3
310,test_0310.jpg,3
311,test_0311.jpg,2
312,test_0312.jpg,3
313,test_0313.jpg,1
314,test_0314.jpg,3
315,test_0315.jpg,3
316,test_0316.jpg,1
317,test_0317.jpg,3
318,test_0318.jpg,3
319,test_0319.jpg,1
320,test_0320.jpg,3
321,test_0321.jpg,3
322,test_0322.jpg,3
323,test_0323.jpg,3
324,test_0324.jpg,3
325,test_0325.jpg,3
326,test_0326.jpg,0
327,test_0327.jpg,2
328,test_0328.jpg,3
329,test_0329.jpg,0
330,test_0330.jpg,2
331,test_0331.jpg,2
332,test_0332.jpg,1
333,test_0333.jpg,2
334,test_0334.jpg,3
335,test_0335.jpg,1
336,test_0336.jpg,3
337,test_0337.jpg,1
338,test_0338.jpg,2
339,test_0339.jpg,0
340,test_0340.jpg,0
341,test_0341.jpg,3
342,test_0342.jpg,2
343,test_0343.jpg,3
344,test_0344.jpg,0
345,test_0345.jpg,1
346,test_0346.jpg,0
347,test_0347.jpg,3
348,test_0348.jpg,3
349,test_0349.jpg,3
350,test_0350.jpg,1
351,test_0351.jpg,3
352,test_0352.jpg,2
353,test_0353.jpg,3
354,test_0354.jpg,1
355,test_0355.jpg,3
356,test_0356.jpg,3
357,test_0357.jpg,3
358,test_0358.jpg,2
359,test_0359.jpg,2
360,test_0360.jpg,3
361,test_0361.jpg,2
362,test_0362.jpg,2
363,test_0363.jpg,3
364,test_0364.jpg,0
365,test_0365.jpg,3
366,test_0366.jpg,1
367,test_0367.jpg,3
368,test_0368.jpg,3
369,test_0369.jpg,2
370,test_0370.jpg,3
371,test_0371.jpg,0
372,test_0372.jpg,0
373,test_0373.jpg,0
374,test_0374.jpg,0
375,test_0375.jpg,3
376,test_0376.jpg,3
377,test_0377.jpg,3
378,test_0378.jpg,2
379,test_0379.jpg,0
380,test_0380.jpg,3
381,test_0381.jpg,2
382,test_0382.jpg,3
383,test_0383.jpg,2
384,test_0384.jpg,0
385,test_0385.jpg,0
386,test_0386.jpg,3
387,test_0387.jpg,3
388,test_0388.jpg,1
389,test_0389.jpg,3
390,test_0390.jpg,3
391,test_0391.jpg,0
392,test_0392.jpg,2
393,test_0393.jpg,3
394,test_0394.jpg,3
395,test_0395.jpg,1
396,test_0396.jpg,3
397,test_0397.jpg,0
398,test_0398.jpg,3
399,test_0399.jpg,3
400,test_0400.jpg,3
401,test_0401.jpg,3
402,test_0402.jpg,0
403,test_0403.jpg,3
404,test_0404.jpg,0
405,test_0405.jpg,1
406,test_0406.jpg,2
407,test_0407.jpg,3
408,test_0408.jpg,3
409,test_0409.jpg,2
410,test_0410.jpg,1
411,test_0411.jpg,2
412,test_0412.jpg,2
413,test_0413.jpg,1
414,test_0414.jpg,2
415,test_0415.jpg,3
416,test_0416.jpg,0
417,test_0417.jpg,1
418,test_0418.jpg,3
419,test_0419.jpg,1
420,test_0420.jpg,0
421,test_0421.jpg,2
422,test_0422.jpg,1
423,test_0423.jpg,0
424,test_0424.jpg,3
425,test_0425.jpg,1
426,test_0426.jpg,3
427,test_0427.jpg,3
428,test_0428.jpg,3
429,test_0429.jpg,1
430,test_0430.jpg,2
431,test_0431.jpg,3
432,test_0432.jpg,1
433,test_0433.jpg,1
434,test_0434.jpg,1
435,test_0435.jpg,3
436,test_0436.jpg,1
437,test_0437.jpg,3
438,test_0438.jpg,3
439,test_0439.jpg,0
440,test_0440.jpg,3
441,test_0441.jpg,3
442,test_0442.jpg,0
443,test_0443.jpg,1
444,test_0444.jpg,3
445,test_0445.jpg,3
446,test_0446.jpg,3
447,test_0447.jpg,3
448,test_0448.jpg,2
449,test_0449.jpg,3
450,test_0450.jpg,2
451,test_0451.jpg,2
452,test_0452.jpg,0
453,test_0453.jpg,3
454,test_0454.jpg,3
455,test_0455.jpg,3
456,test_0456.jpg,1
457,test_0457.jpg,3
458,test_0458.jpg,0
459,test_0459.jpg,1
460,test_0460.jpg,3
461,test_0461.jpg,3
462,test_0462.jpg,3
463,test_0463.jpg,2
464,test_0464.jpg,3
465,test_0465.jpg,3
466,test_0466.jpg,0
467,test_0467.jpg,2
468,test_0468.jpg,2
469,test_0469.jpg,3
470,test_0470.jpg,3
471,test_0471.jpg,3
472,test_0472.jpg,1
473,test_0473.jpg,2
474,test_0474.jpg,3
475,test_0475.jpg,3
476,test_0476.jpg,1
477,test_0477.jpg,1
478,test_0478.jpg,0
479,test_0479.jpg,3
480,test_0480.jpg,0
481,test_0481.jpg,0
482,test_0482.jpg,0
483,test_0483.jpg,3
484,test_0484.jpg,0
485,test_0485.jpg,2
486,test_0486.jpg,2
487,test_0487.jpg,1
488,test_0488.jpg,2
489,test_0489.jpg,3
490,test_0490.jpg,0
491,test_0491.jpg,3
492,test_0492.jpg,3
493,test_0493.jpg,1
494,test_0494.jpg,3
495,test_0495.jpg,3
496,test_0496.jpg,2
497,test_0497.jpg,3
498,test_0498.jpg,0
499,test_0499.jpg,1
500,test_0500.jpg,2
501,test_0501.jpg,3
502,test_0502.jpg,1
503,test_0503.jpg,3
504,test_0504.jpg,2
505,test_0505.jpg,0
506,test_0506.jpg,3
507,test_0507.jpg,3
508,test_0508.jpg,3
509,test_0509.jpg,1
510,test_0510.jpg,2
511,test_0511.jpg,3
512,test_0512.jpg,3
513,test_0513.jpg,0
514,test_0514.jpg,3
515,test_0515.jpg,0
516,test_0516.jpg,3
517,test_0517.jpg,3
518,test_0518.jpg,2
519,test_0519.jpg,2
520,test_0520.jpg,3
521,test_0521.jpg,0
522,test_0522.jpg,3
523,test_0523.jpg,3
524,test_0524.jpg,3
525,test_0525.jpg,3
526,test_0526.jpg,3
527,test_0527.jpg,3
528,test_0528.jpg,1
529,test_0529.jpg,3
530,test_0530.jpg,2
531,test_0531.jpg,2
532,test_0532.jpg,0
533,test_0533.jpg,0
534,test_0534.jpg,3
535,test_0535.jpg,3
536,test_0536.jpg,0
537,test_0537.jpg,1
538,test_0538.jpg,0
539,test_0539.jpg,1
540,test_0540.jpg,2
541,test_0541.jpg,1
542,test_0542.jpg,3
543,test_0543.jpg,0
544,test_0544.jpg,3
545,test_0545.jpg,2
546,test_0546.jpg,3
547,test_0547.jpg,0
548,test_0548.jpg,2
549,test_0549.jpg,3
550,test_0550.jpg,3
551,test_0551.jpg,3
552,test_0552.jpg,0
553,test_0553.jpg,3
554,test_0554.jpg,0
555,test_0555.jpg,2
556,test_0556.jpg,3
557,test_0557.jpg,3
558,test_0558.jpg,3
559,test_0559.jpg,3
560,test_0560.jpg,3
561,test_0561.jpg,3
562,test_0562.jpg,3
563,test_0563.jpg,3
564,test_0564.jpg,0
565,test_0565.jpg,1
566,test_0566.jpg,0
567,test_0567.jpg,2
568,test_0568.jpg,3
569,test_0569.jpg,0
570,test_0570.jpg,3
571,test_0571.jpg,2
572,test_0572.jpg,3
573,test_0573.jpg,3
574,test_0574.jpg,2
575,test_0575.jpg,3
576,test_0576.jpg,3
577,test_0577.jpg,2
578,test_0578.jpg,0
579,test_0579.jpg,2
580,test_0580.jpg,3
581,test_0581.jpg,3
582,test_0582.jpg,0
583,test_0583.jpg,3
584,test_0584.jpg,2
585,test_0585.jpg,2
586,test_0586.jpg,2
587,test_0587.jpg,3
588,test_0588.jpg,2
589,test_0589.jpg,2
590,test_0590.jpg,3
591,test_0591.jpg,3
592,test_0592.jpg,2
593,test_0593.jpg,1
594,test_0594.jpg,3
595,test_0595.jpg,3
596,test_0596.jpg,3
597,test_0597.jpg,2
598,test_0598.jpg,2
599,test_0599.jpg,1
600,test_0600.jpg,0
601,test_0601.jpg,1
602,test_0602.jpg,0
603,test_0603.jpg,0
604,test_0604.jpg,0
605,test_0605.jpg,2
606,test_0606.jpg,3
607,test_0607.jpg,2
608,test_0608.jpg,3
609,test_0609.jpg,1
610,test_0610.jpg,2
611,test_0611.jpg,3
612,test_0612.jpg,3
613,test_0613.jpg,3
614,test_0614.jpg,3
615,test_0615.jpg,3
616,test_0616.jpg,3
617,test_0617.jpg,3
618,test_0618.jpg,1
619,test_0619.jpg,2
620,test_0620.jpg,2
621,test_0621.jpg,3
622,test_0622.jpg,3
623,test_0623.jpg,3
624,test_0624.jpg,3
625,test_0625.jpg,3
626,test_0626.jpg,3
627,test_0627.jpg,3
628,test_0628.jpg,2
629,test_0629.jpg,2
630,test_0630.jpg,2
631,test_0631.jpg,3
632,test_0632.jpg,3
633,test_0633.jpg,3
634,test_0634.jpg,1
635,test_0635.jpg,0
636,test_0636.jpg,3
637,test_0637.jpg,3
638,test_0638.jpg,0
639,test_0639.jpg,2
640,test_0640.jpg,2
641,test_0641.jpg,0
642,test_0642.jpg,3
643,test_0643.jpg,3
644,test_0644.jpg,3
645,test_0645.jpg,3
646,test_0646.jpg,2
647,test_0647.jpg,2
648,test_0648.jpg,1
649,test_0649.jpg,1
650,test_0650.jpg,0
651,test_0651.jpg,0
652,test_0652.jpg,0
653,test_0653.jpg,0
654,test_0654.jpg,2
655,test_0655.jpg,2
656,test_0656.jpg,3
657,test_0657.jpg,3
658,test_0658.jpg,1
659,test_0659.jpg,3
660,test_0660.jpg,1
661,test_0661.jpg,3
662,test_0662.jpg,2
663,test_0663.jpg,3
664,test_0664.jpg,0
665,test_0665.jpg,3
666,test_0666.jpg,3
667,test_0667.jpg,1
668,test_0668.jpg,2
669,test_0669.jpg,3
670,test_0670.jpg,3
671,test_0671.jpg,3
672,test_0672.jpg,0
673,test_0673.jpg,3
674,test_0674.jpg,0
675,test_0675.jpg,3
676,test_0676.jpg,1
677,test_0677.jpg,0
678,test_0678.jpg,3
679,test_0679.jpg,2
680,test_0680.jpg,3
681,test_0681.jpg,2
682,test_0682.jpg,3
683,test_0683.jpg,3
684,test_0684.jpg,2
685,test_0685.jpg,3
686,test_0686.jpg,0
687,test_0687.jpg,0
688,test_0688.jpg,3
689,test_0689.jpg,0
690,test_0690.jpg,2
691,test_0691.jpg,2
692,test_0692.jpg,0
693,test_0693.jpg,3
694,test_0694.jpg,1
695,test_0695.jpg,3
696,test_0696.jpg,3
697,test_0697.jpg,3
698,test_0698.jpg,3
699,test_0699.jpg,3
700,test_0700.jpg,3
701,test_0701.jpg,3
702,test_0702.jpg,3
703,test_0703.jpg,3
704,test_0704.jpg,3
705,test_0705.jpg,3
706,test_0706.jpg,3
707,test_0707.jpg,3
708,test_0708.jpg,0
709,test_0709.jpg,0
710,test_0710.jpg,1
711,test_0711.jpg,1
712,test_0712.jpg,2
713,test_0713.jpg,0
714,test_0714.jpg,3
715,test_0715.jpg,3
716,test_0716.jpg,1
717,test_0717.jpg,3
718,test_0718.jpg,0
719,test_0719.jpg,1
720,test_0720.jpg,3
721,test_0721.jpg,2
722,test_0722.jpg,0
723,test_0723.jpg,3
724,test_0724.jpg,3
725,test_0725.jpg,2
726,test_0726.jpg,0
727,test_0727.jpg,3
728,test_0728.jpg,0
729,test_0729.jpg,3
730,test_0730.jpg,3
731,test_0731.jpg,3
732,test_0732.jpg,3
733,test_0733.jpg,0
734,test_0734.jpg,3
735,test_0735.jpg,3
736,test_0736.jpg,2
737,test_0737.jpg,3
738,test_0738.jpg,0
739,test_0739.jpg,3
740,test_0740.jpg,3
741,test_0741.jpg,3
742,test_0742.jpg,2
743,test_0743.jpg,3
744,test_0744.jpg,3
745,test_0745.jpg,2
746,test_0746.jpg,0
747,test_0747.jpg,0
748,test_0748.jpg,0
749,test_0749.jpg,3
750,test_0750.jpg,3
751,test_0751.jpg,0
752,test_0752.jpg,3
753,test_0753.jpg,0
754,test_0754.jpg,3
755,test_0755.jpg,3
756,test_0756.jpg,2
757,test_0757.jpg,3
758,test_0758.jpg,3
759,test_0759.jpg,0
760,test_0760.jpg,3
761,test_0761.jpg,0
762,test_0762.jpg,2
763,test_0763.jpg,3
764,test_0764.jpg,0
765,test_0765.jpg,2
766,test_0766.jpg,0
767,test_0767.jpg,0
768,test_0768.jpg,2
769,test_0769.jpg,2
770,test_0770.jpg,3
771,test_0771.jpg,1
772,test_0772.jpg,2
773,test_0773.jpg,3
774,test_0774.jpg,2
775,test_0775.jpg,2
776,test_0776.jpg,3
777,test_0777.jpg,3
778,test_0778.jpg,2
779,test_0779.jpg,1
780,test_0780.jpg,0
781,test_0781.jpg,3
782,test_0782.jpg,2
783,test_0783.jpg,0
784,test_0784.jpg,2
785,test_0785.jpg,1
786,test_0786.jpg,3
787,test_0787.jpg,2
788,test_0788.jpg,0
789,test_0789.jpg,3
790,test_0790.jpg,3
791,test_0791.jpg,3
792,test_0792.jpg,3
793,test_0793.jpg,3
794,test_0794.jpg,3
795,test_0795.jpg,3
796,test_0796.jpg,3
797,test_0797.jpg,3
798,test_0798.jpg,1
799,test_0799.jpg,0
800,test_0800.jpg,3
801,test_0801.jpg,0
802,test_0802.jpg,3
803,test_0803.jpg,2
804,test_0804.jpg,0
805,test_0805.jpg,0
806,test_0806.jpg,0
807,test_0807.jpg,3
808,test_0808.jpg,1
809,test_0809.jpg,2
810,test_0810.jpg,3
811,test_0811.jpg,3
812,test_0812.jpg,2
813,test_0813.jpg,2
814,test_0814.jpg,3
815,test_0815.jpg,3
816,test_0816.jpg,3
817,test_0817.jpg,1
818,test_0818.jpg,0
819,test_0819.jpg,3
820,test_0820.jpg,3
821,test_0821.jpg,1
822,test_0822.jpg,3
823,test_0823.jpg,3
824,test_0824.jpg,1
825,test_0825.jpg,3
826,test_0826.jpg,3
827,test_0827.jpg,2
828,test_0828.jpg,3
829,test_0829.jpg,2
830,test_0830.jpg,1
831,test_0831.jpg,2
832,test_0832.jpg,0
833,test_0833.jpg,1
834,test_0834.jpg,0
835,test_0835.jpg,3
836,test_0836.jpg,3
837,test_0837.jpg,2
838,test_0838.jpg,3
839,test_0839.jpg,2
840,test_0840.jpg,0
841,test_0841.jpg,2
842,test_0842.jpg,3
843,test_0843.jpg,3
844,test_0844.jpg,3
845,test_0845.jpg,0
846,test_0846.jpg,0
847,test_0847.jpg,2
848,test_0848.jpg,1
849,test_0849.jpg,1
850,test_0850.jpg,3
851,test_0851.jpg,2
852,test_0852.jpg,3
853,test_0853.jpg,0
854,test_0854.jpg,0
855,test_0855.jpg,2
856,test_0856.jpg,3
857,test_0857.jpg,2
858,test_0858.jpg,0
859,test_0859.jpg,2
860,test_0860.jpg,3
861,test_0861.jpg,0
862,test_0862.jpg,3
863,test_0863.jpg,3
864,test_0864.jpg,0
865,test_0865.jpg,0
866,test_0866.jpg,3
867,test_0867.jpg,3
868,test_0868.jpg,1
869,test_0869.jpg,0
870,test_0870.jpg,3
871,test_0871.jpg,3
872,test_0872.jpg,1
873,test_0873.jpg,3
874,test_0874.jpg,1
875,test_0875.jpg,3
876,test_0876.jpg,3
877,test_0877.jpg,2
878,test_0878.jpg,3
879,test_0879.jpg,3
880,test_0880.jpg,1
881,test_0881.jpg,3
882,test_0882.jpg,3
883,test_0883.jpg,0
884,test_0884.jpg,3
885,test_0885.jpg,3
886,test_0886.jpg,3
887,test_0887.jpg,1
888,test_0888.jpg,2
889,test_0889.jpg,1
890,test_0890.jpg,2
891,test_0891.jpg,2
892,test_0892.jpg,3
893,test_0893.jpg,2
894,test_0894.jpg,2
895,test_0895.jpg,1
896,test_0896.jpg,2
897,test_0897.jpg,3
898,test_0898.jpg,3
899,test_0899.jpg,2
900,test_0900.jpg,3
901,test_0901.jpg,2
902,test_0902.jpg,3
903,test_0903.jpg,3
904,test_0904.jpg,3
905,test_0905.jpg,0
906,test_0906.jpg,1
907,test_0907.jpg,3
908,test_0908.jpg,1
909,test_0909.jpg,2
910,test_0910.jpg,3
911,test_0911.jpg,2
912,test_0912.jpg,3
913,test_0913.jpg,2
914,test_0914.jpg,0
915,test_0915.jpg,3
916,test_0916.jpg,3
917,test_0917.jpg,3
918,test_0918.jpg,2
919,test_0919.jpg,3
920,test_0920.jpg,3
921,test_0921.jpg,3
922,test_0922.jpg,3
923,test_0923.jpg,3
924,test_0924.jpg,2
925,test_0925.jpg,0
926,test_0926.jpg,3
927,test_0927.jpg,2
928,test_0928.jpg,3
929,test_0929.jpg,2
930,test_0930.jpg,0
931,test_0931.jpg,1
932,test_0932.jpg,2
933,test_0933.jpg,3
934,test_0934.jpg,3
935,test_0935.jpg,2
936,test_0936.jpg,2
937,test_0937.jpg,0
938,test_0938.jpg,0
939,test_0939.jpg,2
940,test_0940.jpg,0
941,test_0941.jpg,0
942,test_0942.jpg,2
943,test_0943.jpg,3
944,test_0944.jpg,0
945,test_0945.jpg,2
946,test_0946.jpg,3
947,test_0947.jpg,3
948,test_0948.jpg,3
949,test_0949.jpg,3
950,test_0950.jpg,3
951,test_0951.jpg,3
952,test_0952.jpg,3
953,test_0953.jpg,2
954,test_0954.jpg,2
955,test_0955.jpg,3
956,test_0956.jpg,3
957,test_0957.jpg,2
958,test_0958.jpg,2
959,test_0959.jpg,3
960,test_0960.jpg,0
961,test_0961.jpg,3
962,test_0962.jpg,3
963,test_0963.jpg,3
964,test_0964.jpg,2
965,test_0965.jpg,3
966,test_0966.jpg,1
967,test_0967.jpg,2
968,test_0968.jpg,3
969,test_0969.jpg,3
970,test_0970.jpg,0
971,test_0971.jpg,3
972,test_0972.jpg,1
973,test_0973.jpg,0
974,test_0974.jpg,0
975,test_0975.jpg,3
976,test_0976.jpg,3
977,test_0977.jpg,3
978,test_0978.jpg,3
979,test_0979.jpg,3
980,test_0980.jpg,2
981,test_0981.jpg,1
982,test_0982.jpg,0
983,test_0983.jpg,0
984,test_0984.jpg,2
985,test_0985.jpg,2
986,test_0986.jpg,3
987,test_0987.jpg,1
988,test_0988.jpg,2
989,test_0989.jpg,2
990,test_0990.jpg,2
991,test_0991.jpg,3
992,test_0992.jpg,0
993,test_0993.jpg,0
994,test_0994.jpg,3
995,test_0995.jpg,2
996,test_0996.jpg,3
997,test_0997.jpg,2
998,test_0998.jpg,3
999,test_0999.jpg,3
1000,test_1000.jpg,2
1001,test_1001.jpg,2
1002,test_1002.jpg,2
1003,test_1003.jpg,0
1004,test_1004.jpg,3
1005,test_1005.jpg,3
1006,test_1006.jpg,3
1007,test_1007.jpg,3
1008,test_1008.jpg,2
1009,test_1009.jpg,0
1010,test_1010.jpg,3
1011,test_1011.jpg,2
1012,test_1012.jpg,3
1013,test_1013.jpg,3
1014,test_1014.jpg,0
1015,test_1015.jpg,0
1016,test_1016.jpg,3
1017,test_1017.jpg,3
1018,test_1018.jpg,2
1019,test_1019.jpg,3
1020,test_1020.jpg,0
1021,test_1021.jpg,0
1022,test_1022.jpg,3
1023,test_1023.jpg,3
1024,test_1024.jpg,3
1025,test_1025.jpg,2
1026,test_1026.jpg,3
1027,test_1027.jpg,3
1028,test_1028.jpg,3
1029,test_1029.jpg,3
1030,test_1030.jpg,0
1031,test_1031.jpg,3
1032,test_1032.jpg,3
1033,test_1033.jpg,3
1034,test_1034.jpg,3
1035,test_1035.jpg,0
1036,test_1036.jpg,2
1037,test_1037.jpg,2
1038,test_1038.jpg,0
1039,test_1039.jpg,1
1040,test_1040.jpg,2
1041,test_1041.jpg,3
1042,test_1042.jpg,1
1043,test_1043.jpg,2
1044,test_1044.jpg,3
1045,test_1045.jpg,3
1046,test_1046.jpg,1
1047,test_1047.jpg,1
1048,test_1048.jpg,3
1049,test_1049.jpg,1
1050,test_1050.jpg,2
1051,test_1051.jpg,3
1052,test_1052.jpg,0
1053,test_1053.jpg,2
1054,test_1054.jpg,1
1055,test_1055.jpg,3
1056,test_1056.jpg,3
1057,test_1057.jpg,2
1058,test_1058.jpg,2
1059,test_1059.jpg,0
1060,test_1060.jpg,2
1061,test_1061.jpg,0
1062,test_1062.jpg,1
1063,test_1063.jpg,3
1064,test_1064.jpg,3
1065,test_1065.jpg,0
1066,test_1066.jpg,3
1067,test_1067.jpg,3
1068,test_1068.jpg,3
1069,test_1069.jpg,3
1070,test_1070.jpg,3
1071,test_1071.jpg,0
1072,test_1072.jpg,2
1073,test_1073.jpg,3
1074,test_1074.jpg,3
1075,test_1075.jpg,3
1076,test_1076.jpg,3
1077,test_1077.jpg,2
1078,test_1078.jpg,3
1079,test_1079.jpg,3
1080,test_1080.jpg,3
1081,test_1081.jpg,1
1082,test_1082.jpg,0
1083,test_1083.jpg,3
1084,test_1084.jpg,3
1085,test_1085.jpg,2
1086,test_1086.jpg,1
1087,test_1087.jpg,3
1088,test_1088.jpg,1
1089,test_1089.jpg,2
1090,test_1090.jpg,3
1091,test_1091.jpg,3
1092,test_1092.jpg,3
1093,test_1093.jpg,3
1094,test_1094.jpg,0
1095,test_1095.jpg,3
1096,test_1096.jpg,0
1097,test_1097.jpg,3
1098,test_1098.jpg,0
1099,test_1099.jpg,3
1100,test_1100.jpg,2
1101,test_1101.jpg,1
1102,test_1102.jpg,3
1103,test_1103.jpg,3
1104,test_1104.jpg,3
1105,test_1105.jpg,2
1106,test_1106.jpg,2
1107,test_1107.jpg,0
1108,test_1108.jpg,3
1109,test_1109.jpg,2
1110,test_1110.jpg,2
1111,test_1111.jpg,0
1112,test_1112.jpg,1
1113,test_1113.jpg,0
1114,test_1114.jpg,1
1115,test_1115.jpg,0
1116,test_1116.jpg,2
1117,test_1117.jpg,3
1118,test_1118.jpg,2
1119,test_1119.jpg,0
1120,test_1120.jpg,3
1121,test_1121.jpg,0
1122,test_1122.jpg,2
1123,test_1123.jpg,3
1124,test_1124.jpg,3
1125,test_1125.jpg,3
1126,test_1126.jpg,1
1127,test_1127.jpg,1
1128,test_1128.jpg,1
1129,test_1129.jpg,3
1130,test_1130.jpg,0
1131,test_1131.jpg,3
1132,test_1132.jpg,2
1133,test_1133.jpg,3
1134,test_1134.jpg,3
1135,test_1135.jpg,1
1136,test_1136.jpg,3
1137,test_1137.jpg,1
1138,test_1138.jpg,2
1139,test_1139.jpg,0
1140,test_1140.jpg,1
1141,test_1141.jpg,0
1142,test_1142.jpg,3
1143,test_1143.jpg,3
1144,test_1144.jpg,3
1145,test_1145.jpg,3
1146,test_1146.jpg,3
1147,test_1147.jpg,3
1148,test_1148.jpg,3
1149,test_1149.jpg,1
1150,test_1150.jpg,3
1151,test_1151.jpg,0
1152,test_1152.jpg,2
1153,test_1153.jpg,3
1154,test_1154.jpg,3
1155,test_1155.jpg,0
1156,test_1156.jpg,0
1157,test_1157.jpg,2
1158,test_1158.jpg,3
1159,test_1159.jpg,3
1160,test_1160.jpg,3
1161,test_1161.jpg,3
1162,test_1162.jpg,3
1163,test_1163.jpg,2
1164,test_1164.jpg,2
1165,test_1165.jpg,1
1166,test_1166.jpg,1
1167,test_1167.jpg,2
1168,test_1168.jpg,1
1169,test_1169.jpg,2
1170,test_1170.jpg,2
1171,test_1171.jpg,3
1172,test_1172.jpg,2
1173,test_1173.jpg,3
1174,test_1174.jpg,3
1175,test_1175.jpg,3
1176,test_1176.jpg,3
1177,test_1177.jpg,3
1178,test_1178.jpg,1
1179,test_1179.jpg,3
1180,test_1180.jpg,2
1181,test_1181.jpg,3
1182,test_1182.jpg,1
1183,test_1183.jpg,3
1184,test_1184.jpg,1
1185,test_1185.jpg,0
1186,test_1186.jpg,1
1187,test_1187.jpg,2
1188,test_1188.jpg,0
1189,test_1189.jpg,3
1190,test_1190.jpg,2
1191,test_1191.jpg,3
1192,test_1192.jpg,2
1193,test_1193.jpg,3
1194,test_1194.jpg,0
1195,test_1195.jpg,0
1196,test_1196.jpg,3
1197,test_1197.jpg,3
1198,test_1198.jpg,3
1199,test_1199.jpg,3
1200,test_1200.jpg,3
1201,test_1201.jpg,0
1202,test_1202.jpg,3
1203,test_1203.jpg,2
1204,test_1204.jpg,3
1205,test_1205.jpg,2
1206,test_1206.jpg,1
1207,test_1207.jpg,1
1208,test_1208.jpg,2
1209,test_1209.jpg,3
1210,test_1210.jpg,3
1211,test_1211.jpg,2
1212,test_1212.jpg,0
1213,test_1213.jpg,0
1214,test_1214.jpg,2
1215,test_1215.jpg,0
1216,test_1216.jpg,3
1217,test_1217.jpg,3
1218,test_1218.jpg,0
1219,test_1219.jpg,0
1220,test_1220.jpg,3
1221,test_1221.jpg,3
1222,test_1222.jpg,0
1223,test_1223.jpg,1
1224,test_1224.jpg,0
1225,test_1225.jpg,0
1226,test_1226.jpg,3
1227,test_1227.jpg,0
1228,test_1228.jpg,1
1229,test_1229.jpg,0
1230,test_1230.jpg,0
1231,test_1231.jpg,3
1232,test_1232.jpg,2
1233,test_1233.jpg,2
1234,test_1234.jpg,0
1235,test_1235.jpg,3
1236,test_1236.jpg,0
1237,test_1237.jpg,0
1238,test_1238.jpg,3
1239,test_1239.jpg,1
1240,test_1240.jpg,1
1241,test_1241.jpg,3
1242,test_1242.jpg,3
1243,test_1243.jpg,2
1244,test_1244.jpg,2
1245,test_1245.jpg,2
1246,test_1246.jpg,0
1247,test_1247.jpg,3
1248,test_1248.jpg,3
1249,test_1249.jpg,1
1250,test_1250.jpg,3
1251,test_1251.jpg,1
1252,test_1252.jpg,2
1253,test_1253.jpg,3
1254,test_1254.jpg,1
1255,test_1255.jpg,2
1256,test_1256.jpg,0
1257,test_1257.jpg,3
1258,test_1258.jpg,0
1259,test_1259.jpg,3
1260,test_1260.jpg,3
1261,test_1261.jpg,0
1262,test_1262.jpg,3
1263,test_1263.jpg,2
1264,test_1264.jpg,2
1265,test_1265.jpg,3
1266,test_1266.jpg,1
1267,test_1267.jpg,0
1268,test_1268.jpg,3
1269,test_1269.jpg,3
1270,test_1270.jpg,1
1271,test_1271.jpg,3
1272,test_1272.jpg,0
1273,test_1273.jpg,0
1274,test_1274.jpg,3
1275,test_1275.jpg,0
1276,test_1276.jpg,0
1277,test_1277.jpg,2
1278,test_1278.jpg,3
1279,test_1279.jpg,3
1280,test_1280.jpg,0
1281,test_1281.jpg,3
1282,test_1282.jpg,2
1283,test_1283.jpg,0
1284,test_1284.jpg,3
1285,test_1285.jpg,1
1286,test_1286.jpg,3
1287,test_1287.jpg,2
1288,test_1288.jpg,3
1289,test_1289.jpg,3
1290,test_1290.jpg,2
1291,test_1291.jpg,2
1292,test_1292.jpg,3
1293,test_1293.jpg,3
1294,test_1294.jpg,3
1295,test_1295.jpg,3
1296,test_1296.jpg,2
1297,test_1297.jpg,3
1298,test_1298.jpg,3
1299,test_1299.jpg,1
1300,test_1300.jpg,3
1301,test_1301.jpg,2
1302,test_1302.jpg,3
1303,test_1303.jpg,2
1304,test_1304.jpg,2
1305,test_1305.jpg,3
1306,test_1306.jpg,0
1307,test_1307.jpg,3
1308,test_1308.jpg,0
1309,test_1309.jpg,3
1310,test_1310.jpg,3
1311,test_1311.jpg,0
1312,test_1312.jpg,0
1313,test_1313.jpg,0
1314,test_1314.jpg,2
1315,test_1315.jpg,3
1316,test_1316.jpg,3
1317,test_1317.jpg,3
1318,test_1318.jpg,3
1319,test_1319.jpg,1
1320,test_1320.jpg,3
1321,test_1321.jpg,2
1322,test_1322.jpg,0
1323,test_1323.jpg,2
1324,test_1324.jpg,3
1325,test_1325.jpg,3
1326,test_1326.jpg,2
1327,test_1327.jpg,3
1328,test_1328.jpg,3
1329,test_1329.jpg,0
1330,test_1330.jpg,0
1331,test_1331.jpg,3
1332,test_1332.jpg,2
1333,test_1333.jpg,3
1334,test_1334.jpg,0
1335,test_1335.jpg,3
1336,test_1336.jpg,3
1337,test_1337.jpg,3
1338,test_1338.jpg,3
1339,test_1339.jpg,3
1340,test_1340.jpg,0
1341,test_1341.jpg,3
1342,test_1342.jpg,3
1343,test_1343.jpg,3
1344,test_1344.jpg,3
1345,test_1345.jpg,0
1346,test_1346.jpg,1
1347,test_1347.jpg,3
1348,test_1348.jpg,0
1349,test_1349.jpg,3
1350,test_1350.jpg,1
1351,test_1351.jpg,3
1352,test_1352.jpg,3
1353,test_1353.jpg,0
1354,test_1354.jpg,3
1355,test_1355.jpg,3
1356,test_1356.jpg,0
1357,test_1357.jpg,3
1358,test_1358.jpg,1
1359,test_1359.jpg,3
1360,test_1360.jpg,2
1361,test_1361.jpg,0
1362,test_1362.jpg,1
1363,test_1363.jpg,3
1364,test_1364.jpg,0
1365,test_1365.jpg,3
1366,test_1366.jpg,2
1367,test_1367.jpg,0
1368,test_1368.jpg,3
1369,test_1369.jpg,3
1370,test_1370.jpg,0
1371,test_1371.jpg,0
1372,test_1372.jpg,1
1373,test_1373.jpg,0
1374,test_1374.jpg,2
1375,test_1375.jpg,0
1376,test_1376.jpg,3
1377,test_1377.jpg,3
1378,test_1378.jpg,3
1379,test_1379.jpg,2
1380,test_1380.jpg,0
1381,test_1381.jpg,3
1382,test_1382.jpg,2
1383,test_1383.jpg,3
1384,test_1384.jpg,3
1385,test_1385.jpg,3
1386,test_1386.jpg,2
1387,test_1387.jpg,3
1388,test_1388.jpg,1
1389,test_1389.jpg,3
1390,test_1390.jpg,0
1391,test_1391.jpg,0
1392,test_1392.jpg,2
1393,test_1393.jpg,0
1394,test_1394.jpg,2
1395,test_1395.jpg,3
1396,test_1396.jpg,3
1397,test_1397.jpg,3
1398,test_1398.jpg,2
1399,test_1399.jpg,3
1400,test_1400.jpg,3
1401,test_1401.jpg,3
1402,test_1402.jpg,3
1403,test_1403.jpg,3
1404,test_1404.jpg,2
1405,test_1405.jpg,3
1406,test_1406.jpg,1
1407,test_1407.jpg,3
1408,test_1408.jpg,2
1409,test_1409.jpg,3
1410,test_1410.jpg,1
1411,test_1411.jpg,3
1412,test_1412.jpg,2
1413,test_1413.jpg,3
1414,test_1414.jpg,3
1415,test_1415.jpg,3
1416,test_1416.jpg,2
1417,test_1417.jpg,0
1418,test_1418.jpg,3
1419,test_1419.jpg,3
1420,test_1420.jpg,2
1421,test_1421.jpg,0
1422,test_1422.jpg,0
1423,test_1423.jpg,2
1424,test_1424.jpg,3
1425,test_1425.jpg,3
1426,test_1426.jpg,3
1427,test_1427.jpg,3
1428,test_1428.jpg,3
1429,test_1429.jpg,2
1430,test_1430.jpg,0
1431,test_1431.jpg,3
1432,test_1432.jpg,2
1433,test_1433.jpg,3
1434,test_1434.jpg,0
1435,test_1435.jpg,3
1436,test_1436.jpg,3
1437,test_1437.jpg,3
1438,test_1438.jpg,2
1439,test_1439.jpg,1
1440,test_1440.jpg,3
1441,test_1441.jpg,0
1442,test_1442.jpg,2
1443,test_1443.jpg,3
1444,test_1444.jpg,3
1445,test_1445.jpg,3
1446,test_1446.jpg,0
1447,test_1447.jpg,1
1448,test_1448.jpg,2
1449,test_1449.jpg,3
1450,test_1450.jpg,2
1451,test_1451.jpg,3
1452,test_1452.jpg,3
1453,test_1453.jpg,3
1454,test_1454.jpg,3
1455,test_1455.jpg,0
1456,test_1456.jpg,1
1457,test_1457.jpg,2
1458,test_1458.jpg,3
1459,test_1459.jpg,0
1460,test_1460.jpg,3
1461,test_1461.jpg,3
1462,test_1462.jpg,2
1463,test_1463.jpg,3
1464,test_1464.jpg,0
1465,test_1465.jpg,3
1466,test_1466.jpg,3
1467,test_1467.jpg,3
1468,test_1468.jpg,3
1469,test_1469.jpg,2
1470,test_1470.jpg,3
1471,test_1471.jpg,0
1472,test_1472.jpg,3
1473,test_1473.jpg,0
1474,test_1474.jpg,3
1475,test_1475.jpg,2
1476,test_1476.jpg,0
1477,test_1477.jpg,2
1478,test_1478.jpg,2
1479,test_1479.jpg,2
1480,test_1480.jpg,2
1481,test_1481.jpg,2
1482,test_1482.jpg,3
1483,test_1483.jpg,3
1484,test_1484.jpg,0
1485,test_1485.jpg,3
1486,test_1486.jpg,3
1487,test_1487.jpg,2
1488,test_1488.jpg,2
1489,test_1489.jpg,0
1490,test_1490.jpg,1
1491,test_1491.jpg,1
1492,test_1492.jpg,0
1493,test_1493.jpg,3
1494,test_1494.jpg,3
1495,test_1495.jpg,0
1496,test_1496.jpg,3
1497,test_1497.jpg,0
1498,test_1498.jpg,0
1499,test_1499.jpg,2
1500,test_1500.jpg,0
1501,test_1501.jpg,3
1502,test_1502.jpg,3
1503,test_1503.jpg,2
1504,test_1504.jpg,3
1505,test_1505.jpg,3
1506,test_1506.jpg,3
1507,test_1507.jpg,2
1508,test_1508.jpg,3
1509,test_1509.jpg,3
1510,test_1510.jpg,0
1511,test_1511.jpg,0
1512,test_1512.jpg,3
1513,test_1513.jpg,0
1514,test_1514.jpg,3
1515,test_1515.jpg,3
1516,test_1516.jpg,3
1517,test_1517.jpg,3
1518,test_1518.jpg,2
1519,test_1519.jpg,3
1520,test_1520.jpg,2
1521,test_1521.jpg,3
1522,test_1522.jpg,3
1523,test_1523.jpg,0
1524,test_1524.jpg,3
1525,test_1525.jpg,0
1526,test_1526.jpg,3
1527,test_1527.jpg,1
1528,test_1528.jpg,0
1529,test_1529.jpg,2
1530,test_1530.jpg,0
1531,test_1531.jpg,3
1532,test_1532.jpg,2
1533,test_1533.jpg,3
1534,test_1534.jpg,2
1535,test_1535.jpg,3
1536,test_1536.jpg,2
1537,test_1537.jpg,0
1538,test_1538.jpg,2
1539,test_1539.jpg,3
1540,test_1540.jpg,0
1541,test_1541.jpg,2
1542,test_1542.jpg,0
1543,test_1543.jpg,3
1544,test_1544.jpg,0
1545,test_1545.jpg,2
1546,test_1546.jpg,3
1547,test_1547.jpg,0
1548,test_1548.jpg,0
1549,test_1549.jpg,3
1550,test_1550.jpg,3
1551,test_1551.jpg,3
1552,test_1552.jpg,0
1553,test_1553.jpg,3
1554,test_1554.jpg,3
1555,test_1555.jpg,3
1556,test_1556.jpg,2
1557,test_1557.jpg,0
1558,test_1558.jpg,3
1559,test_1559.jpg,0
1560,test_1560.jpg,1
1561,test_1561.jpg,3
1562,test_1562.jpg,3
1563,test_1563.jpg,0
1564,test_1564.jpg,0
1565,test_1565.jpg,3
1566,test_1566.jpg,1
1567,test_1567.jpg,3
1568,test_1568.jpg,2
1569,test_1569.jpg,3
1570,test_1570.jpg,2
1571,test_1571.jpg,3
1572,test_1572.jpg,2
1573,test_1573.jpg,0
1574,test_1574.jpg,3
1575,test_1575.jpg,0
1576,test_1576.jpg,3
1577,test_1577.jpg,2
1578,test_1578.jpg,3
1579,test_1579.jpg,2
1580,test_1580.jpg,3
1581,test_1581.jpg,0
1582,test_1582.jpg,2
1583,test_1583.jpg,3
1584,test_1584.jpg,3
1585,test_1585.jpg,2
1586,test_1586.jpg,0
1587,test_1587.jpg,3
1588,test_1588.jpg,2
1589,test_1589.jpg,3
1590,test_1590.jpg,0
1591,test_1591.jpg,3
1592,test_1592.jpg,3
1593,test_1593.jpg,3
1594,test_1594.jpg,1
1595,test_1595.jpg,3
1596,test_1596.jpg,3
1597,test_1597.jpg,0
1598,test_1598.jpg,1
1599,test_1599.jpg,2
1600,test_1600.jpg,0
1601,test_1601.jpg,3
1602,test_1602.jpg,0
1603,test_1603.jpg,3
1604,test_1604.jpg,3
1605,test_1605.jpg,2
1606,test_1606.jpg,2
1607,test_1607.jpg,1
1608,test_1608.jpg,3
1609,test_1609.jpg,3
1610,test_1610.jpg,3
1611,test_1611.jpg,0
1612,test_1612.jpg,3
1613,test_1613.jpg,3
1614,test_1614.jpg,1
1615,test_1615.jpg,1
1616,test_1616.jpg,1
1617,test_1617.jpg,2
1618,test_1618.jpg,3
1619,test_1619.jpg,2
1620,test_1620.jpg,3
1621,test_1621.jpg,2
1622,test_1622.jpg,3
1623,test_1623.jpg,1
1624,test_1624.jpg,3
1625,test_1625.jpg,2
1626,test_1626.jpg,3
1627,test_1627.jpg,1
1628,test_1628.jpg,1
1629,test_1629.jpg,0
1630,test_1630.jpg,3
1631,test_1631.jpg,3
1632,test_1632.jpg,0
1633,test_1633.jpg,3
1634,test_1634.jpg,3
1635,test_1635.jpg,2
1636,test_1636.jpg,3
1637,test_1637.jpg,3
1638,test_1638.jpg,1
1639,test_1639.jpg,1
1640,test_1640.jpg,3
1641,test_1641.jpg,3
1642,test_1642.jpg,3
1643,test_1643.jpg,1
1644,test_1644.jpg,2
1645,test_1645.jpg,3
1646,test_1646.jpg,3
1647,test_1647.jpg,2
1648,test_1648.jpg,3
1649,test_1649.jpg,3
1650,test_1650.jpg,3
